#Industry,#Jobs,1
#Industry,Economical_Growth,1
#Industry,Urbanization,1
#Jobs,#Citizens,1
#Jobs,Economical_Growth,1
#Jobs,#Public_Services,1
#Citizens,Urbanization,1
#Citizens,Tax_Revenue,1
#Citizens,House_Market,1
Urbanization,Green_Spaces,-1
Urbanization,#Public_Services,1
Tax_Revenue,Economical_Growth,1
Tax_Revenue,School_Funding,-1
Economical_Growth,Work_Productivity,1
Economical_Growth,Income_Inequality,1
School_Funding,Citizens_Satisfaction,1
Citizens_Satisfaction,Cost_of_Life,-1
Citizens_Satisfaction,Green_Spaces,1
Citizens_Satisfaction,Work_Productivity,1
Citizens_Satisfaction,Income_Inequality,-1
House_Market,House_Prices,1
House_Prices,Cost_of_Life,1
